nuclide,half_life,Qbeta_mev,levels,probabilities,level_energies_mev
Tl-204,3.78 yr,"0.7638",1,"1","0"
Co-60,5.272 yr,"2.82",2,"0.9988;0.0012","2.5;1.33"
Cs-137,30.17 yr,"1.176",2,"0.935;0.065","0.66;0"
Sr-90@Y-90,28.78 yr;64.1 h,"2.826",2,"1;1","2.28;0.546"
H-3,12.32 yr,"0.1859",1,"1","0"
K-40,1.25e9 yr,"1.3116",1,"0.8928","0"
C-14,5.7e3 yr,"0.16",1,"1","0"
Lu-177,6.734 d,"0.4982",4,"0.122;0.00053;0.091;0.786","0.3213;0.2497;0.11295;0"